promoter number	locus name	first nucleotide	last nucleotide	binding sites
1	around_ts_of_AFL2G_06470	1	1051	0
2	around_ts_of_AFL2G_06471_and_AFL2G_06472	4654	5732	0
3	around_ts_of_AFL2G_06473	7372	8422	0
4	around_ts_of_AFL2G_06474_and_AFL2G_06475	15010	15598	1
5	around_ts_of_AFL2G_06476_and_AFL2G_06477	22040	22645	0
6	around_ts_of_AFL2G_06478	25483	26533	0
7	around_ts_of_AFL2G_06479_and_AFL2G_06480	27989	29984	0
8	around_ts_of_AFL2G_06481	38402	39452	0
9	around_ts_of_AFL2G_06482	42419	43469	1
10	around_ts_of_AFL2G_06483	52922	53972	1
11	around_ts_of_AFL2G_06484	56424	57004	0
12	around_ts_of_AFL2G_06485_and_AFL2G_06486	60886	61548	0
13	around_ts_of_AFL2G_06487	64873	65923	0
14	around_ts_of_AFL2G_06488	71267	72317	0
15	around_ts_of_AFL2G_06489	72808	73519	0
16	around_ts_of_AFL2G_06490_and_AFL2G_06491	81443	82353	0
17	around_ts_of_AFL2G_06492	87051	88101	0
18	around_ts_of_AFL2G_06493	89268	90318	0
19	around_ts_of_AFL2G_06494	90505	90781	0
20	around_ts_of_AFL2G_06495	92035	93085	0
21	around_ts_of_AFL2G_06496	96342	97119	0
22	around_ts_of_AFL2G_06497_and_AFL2G_06498	98296	98979	0
23	around_ts_of_AFL2G_06499	102146	102549	0
24	around_ts_of_AFL2G_06500_and_AFL2G_06501	104413	105983	0
25	around_ts_of_AFL2G_06502	106681	107294	0
26	around_ts_of_AFL2G_06503	109776	110826	2
27	around_ts_of_AFL2G_06504	111114	112164	0
28	around_ts_of_AFL2G_06505_and_AFL2G_06506	118674	120523	0
29	around_ts_of_AFL2G_06507	125823	126873	0
30	around_ts_of_AFL2G_06508	127763	128813	0
31	around_ts_of_AFL2G_06509	133209	134259	0
32	around_ts_of_AFL2G_06510	136793	137843	0
33	around_ts_of_AFL2G_06511	144680	145730	0
34	around_ts_of_AFL2G_06512	150697	151579	0
35	around_ts_of_AFL2G_06513	154259	155309	1
36	around_ts_of_AFL2G_06514	158407	159186	0
37	around_ts_of_AFL2G_06515_and_AFL2G_06516	161363	163443	0
38	around_ts_of_AFL2G_06517	165129	165847	0
39	around_ts_of_AFL2G_06518	167227	167689	0
40	around_ts_of_AFL2G_06519	171284	172334	0
41	around_ts_of_AFL2G_06520	174594	175644	2
42	around_ts_of_AFL2G_06521	181083	182133	0
43	around_ts_of_AFL2G_06522_and_AFL2G_06523	186538	187306	0
44	around_ts_of_AFL2G_06524	189053	189860	0
45	around_ts_of_AFL2G_06525	191136	192186	0
46	around_ts_of_AFL2G_06526	192495	193545	0
47	around_ts_of_AFL2G_06527	196861	197911	0
48	around_ts_of_AFL2G_06528	198776	199826	1
49	around_ts_of_AFL2G_06529	200349	201399	0
50	around_ts_of_AFL2G_06530	204210	204794	0
51	around_ts_of_AFL2G_06531_and_AFL2G_06532	206650	207250	0
52	around_ts_of_AFL2G_06533	208241	209177	0
53	around_ts_of_AFL2G_06534	213770	214672	0
54	around_ts_of_AFL2G_06535_and_AFL2G_06536	216756	218743	0
55	around_ts_of_AFL2G_06537	220887	221912	0
56	around_ts_of_AFL2G_06538	225761	226811	0
57	around_ts_of_AFL2G_06539_and_AFL2G_06540	229717	230616	0
58	around_ts_of_AFL2G_06541_and_AFL2G_06542	237128	237635	1
59	around_ts_of_AFL2G_06543	240496	240554	0
60	around_ts_of_AFL2G_06544	241521	242571	0
61	around_ts_of_AFL2G_06545_and_AFL2G_06546	244083	244769	1
62	around_ts_of_AFL2G_06547	246269	246860	1
63	around_ts_of_AFL2G_06548_and_AFL2G_06549	250898	251316	0
64	around_ts_of_AFL2G_06550	253614	254369	0
65	around_ts_of_AFL2G_06551_and_AFL2G_06552	255877	256338	0
66	around_ts_of_AFL2G_06553	258821	259395	0
67	around_ts_of_AFL2G_06554	262200	262867	0
68	around_ts_of_AFL2G_06555	264135	264986	0
69	around_ts_of_AFL2G_06556_and_AFL2G_06557	266641	267189	0
70	around_ts_of_AFL2G_06558_and_AFL2G_06559	269000	269598	0
71	around_ts_of_AFL2G_06560	272464	273514	0
72	around_ts_of_AFL2G_06561	277934	278715	0
73	around_ts_of_AFL2G_06562	279770	280544	0
74	around_ts_of_AFL2G_06563	282811	283861	2
75	around_ts_of_AFL2G_06564_and_AFL2G_06565	285723	287337	0
76	around_ts_of_AFL2G_06566	290103	290788	0
77	around_ts_of_AFL2G_06567_and_AFL2G_06568	293489	294289	1
78	around_ts_of_AFL2G_06569	295543	295892	0
79	around_ts_of_AFL2G_06570	299443	299982	0
80	around_ts_of_AFL2G_06571	302206	302906	0
81	around_ts_of_AFL2G_06572_and_AFL2G_06573	304488	305261	0
82	around_ts_of_AFL2G_06574	310032	311082	0
83	around_ts_of_AFL2G_06575_and_AFL2G_06576	313542	314192	0
84	around_ts_of_AFL2G_06577_and_AFL2G_06578	317779	319313	0
85	around_ts_of_AFL2G_06579_and_AFL2G_06580	321174	321694	0
86	around_ts_of_AFL2G_06581_and_AFL2G_06582	323409	323741	0
87	around_ts_of_AFL2G_06583	325023	326073	0
88	around_ts_of_AFL2G_06584_and_AFL2G_06585	328552	329519	0
89	around_ts_of_AFL2G_06586	330778	331828	0
90	around_ts_of_AFL2G_06587	336626	337676	0
91	around_ts_of_AFL2G_06588	340858	341908	0
92	around_ts_of_AFL2G_06589_and_AFL2G_06590	346618	346883	0
93	around_ts_of_AFL2G_06591	350158	351208	0
94	around_ts_of_AFL2G_06592	355218	356268	1
95	around_ts_of_AFL2G_06593	356638	357688	0
96	around_ts_of_AFL2G_06594	361978	363028	0
97	around_ts_of_AFL2G_06595	365719	366403	0
98	around_ts_of_AFL2G_06596	368169	369219	1
99	around_ts_of_AFL2G_06597	372559	373609	0
100	around_ts_of_AFL2G_06598	375217	376021	0
101	around_ts_of_AFL2G_06599	377198	377510	0
102	around_ts_of_AFL2G_06600_and_AFL2G_06601	378823	379574	0
103	around_ts_of_AFL2G_06602	385336	386386	0
104	around_ts_of_AFL2G_06603_and_AFL2G_06604	389171	390043	0
105	around_ts_of_AFL2G_06605	393643	394693	0
106	around_ts_of_AFL2G_06606	395175	396014	0
107	around_ts_of_AFL2G_06607	397417	398467	1
108	around_ts_of_AFL2G_06608_and_AFL2G_06609	406786	407170	0
109	around_ts_of_AFL2G_06610	408861	409911	2
110	around_ts_of_AFL2G_06611	412486	413140	0
111	around_ts_of_AFL2G_06612	414350	415170	0
112	around_ts_of_AFL2G_06613	417414	418119	1
113	around_ts_of_AFL2G_06614_and_AFL2G_06615	418270	419367	0
114	around_ts_of_AFL2G_06616_and_AFL2G_06617	427829	428503	0
115	around_ts_of_AFL2G_06618	428825	429875	0
116	around_ts_of_AFL2G_06619_and_AFL2G_06620	433167	434294	0
117	around_ts_of_AFL2G_06621	435468	436518	0
118	around_ts_of_AFL2G_06622	437908	438437	0
119	around_ts_of_AFL2G_06623	440374	441026	0
120	around_ts_of_AFL2G_06624_and_AFL2G_06625	443854	445257	1
121	around_ts_of_AFL2G_06626	451703	452753	0
122	around_ts_of_AFL2G_06627_and_AFL2G_06628	458454	459693	0
123	around_ts_of_AFL2G_06629	461284	462146	0
124	around_ts_of_AFL2G_06630	464018	465008	0
125	around_ts_of_AFL2G_06631_and_AFL2G_06632	467361	467906	0
126	around_ts_of_AFL2G_06633	469449	470451	0
127	around_ts_of_AFL2G_06634_and_AFL2G_06635	474272	475515	0
128	around_ts_of_AFL2G_06636	478935	479576	0
129	around_ts_of_AFL2G_06637	483447	484497	0
130	around_ts_of_AFL2G_06638	484976	486026	0
131	around_ts_of_AFL2G_06639	490214	491264	1
132	around_ts_of_AFL2G_06640_and_AFL2G_06641	494824	495523	0
133	around_ts_of_AFL2G_06642_and_AFL2G_06643	500594	500987	1
134	around_ts_of_AFL2G_06644	505202	506252	0
135	around_ts_of_AFL2G_06645	506709	507759	0
136	around_ts_of_AFL2G_06646_and_AFL2G_06647	515177	515708	0
137	around_ts_of_AFL2G_06648	517873	518923	0
138	around_ts_of_AFL2G_06649_and_AFL2G_06650	526180	526726	0
139	around_ts_of_AFL2G_06651	535932	536982	0
140	around_ts_of_AFL2G_06652	538130	538575	0
141	around_ts_of_AFL2G_06653	542498	543548	0
142	around_ts_of_AFL2G_06654	544662	545712	0
143	around_ts_of_AFL2G_06655	545821	546871	0
144	around_ts_of_AFL2G_06656	547915	548080	0
145	around_ts_of_AFL2G_06657	549114	550164	0
146	around_ts_of_AFL2G_06658_and_AFL2G_06659	556059	556898	1
147	around_ts_of_AFL2G_06660	557995	558433	0
148	around_ts_of_AFL2G_06661	559719	560769	0
149	around_ts_of_AFL2G_06662	562093	562312	0
150	around_ts_of_AFL2G_06663	564497	565107	2
151	around_ts_of_AFL2G_06664	566111	566366	0
152	around_ts_of_AFL2G_06665_and_AFL2G_06666	569732	570304	0
153	around_ts_of_AFL2G_06667_and_AFL2G_06668	574257	576188	0
154	around_ts_of_AFL2G_06669	576678	576739	0
155	around_ts_of_AFL2G_06670	582833	583883	0
156	around_ts_of_AFL2G_06671_and_AFL2G_06672	587788	588681	0
157	around_ts_of_AFL2G_06673	590248	591171	1
158	around_ts_of_AFL2G_06674	592322	592526	0
159	around_ts_of_AFL2G_06675_and_AFL2G_06676	594617	595171	0
160	around_ts_of_AFL2G_06677	600664	601714	0
161	around_ts_of_AFL2G_06678	606882	607932	0
162	around_ts_of_AFL2G_06679	610647	610897	0
163	around_ts_of_AFL2G_06680	613199	614249	0
164	around_ts_of_AFL2G_06681	615387	616437	0
165	around_ts_of_AFL2G_06682	620159	620672	0
166	around_ts_of_AFL2G_06683_and_AFL2G_06684	621559	621935	0
167	around_ts_of_AFL2G_06685	622842	623892	0
168	around_ts_of_AFL2G_06686	626887	627830	0
169	around_ts_of_AFL2G_06687_and_AFL2G_06688	632222	632643	0
170	around_ts_of_AFL2G_06689	634814	635607	0
171	around_ts_of_AFL2G_06690	636642	637692	0
172	around_ts_of_AFL2G_06691	639481	640531	0
173	around_ts_of_AFL2G_06692_and_AFL2G_06693	641362	641733	0
174	around_ts_of_AFL2G_06694	643898	644241	0
175	around_ts_of_AFL2G_06695	648211	648711	0
176	around_ts_of_AFL2G_06696	650151	650510	0
177	around_ts_of_AFL2G_06697	652195	652791	0
178	around_ts_of_AFL2G_06698_and_AFL2G_06699	654075	654447	2
179	around_ts_of_AFL2G_06700_and_AFL2G_06701	659102	659741	0
180	around_ts_of_AFL2G_06702	664122	665090	0
181	around_ts_of_AFL2G_06703	666110	667160	1
182	around_ts_of_AFL2G_06704	669288	670338	0
183	around_ts_of_AFL2G_06705_and_AFL2G_06706	676872	677316	0
184	around_ts_of_AFL2G_06707	679531	680581	0
185	around_ts_of_AFL2G_06708	687733	688725	0
186	around_ts_of_AFL2G_06709_and_AFL2G_06710	690750	691797	1
187	around_ts_of_AFL2G_06711	694432	695482	0
188	around_ts_of_AFL2G_06712	697292	698180	0
189	around_ts_of_AFL2G_06713	699948	700998	0
190	around_ts_of_AFL2G_06714_and_AFL2G_06715	701882	703520	0
191	around_ts_of_AFL2G_06716	706586	706715	0
192	around_ts_of_AFL2G_06717_and_AFL2G_06718	709601	710542	0
193	around_ts_of_AFL2G_06719	716010	717024	0
194	around_ts_of_AFL2G_06720	717361	717995	0
195	around_ts_of_AFL2G_06721	719647	720512	0
196	around_ts_of_AFL2G_06722_and_AFL2G_06723	722673	723671	0
197	around_ts_of_AFL2G_06724	726130	727180	0
198	around_ts_of_AFL2G_06725	731694	732292	0
199	around_ts_of_AFL2G_06726	733846	734763	0
200	around_ts_of_AFL2G_06727_and_AFL2G_06728	735444	735820	1
201	around_ts_of_AFL2G_06729_and_AFL2G_06730	739488	740061	0
202	around_ts_of_AFL2G_06731	742457	743038	0
203	around_ts_of_AFL2G_06732	744109	744844	1
204	around_ts_of_AFL2G_06733	748664	749383	0
205	around_ts_of_AFL2G_06734	750887	751530	0
206	around_ts_of_AFL2G_06735_and_AFL2G_06736	753926	754719	1
207	around_ts_of_AFL2G_06737_and_AFL2G_06738	757055	757750	0
208	around_ts_of_AFL2G_06739_and_AFL2G_06740	760355	762283	1
209	around_ts_of_AFL2G_06741	764826	765079	0
210	around_ts_of_AFL2G_06742	766319	767369	1
211	around_ts_of_AFL2G_06743	768138	769188	0
212	around_ts_of_AFL2G_06744	769800	770850	0
213	around_ts_of_AFL2G_06745	773606	774347	0
214	around_ts_of_AFL2G_06746_and_AFL2G_06747	775556	777626	1
215	around_ts_of_AFL2G_06748	778614	779469	0
216	around_ts_of_AFL2G_06749_and_AFL2G_06750	782961	783478	0
217	around_ts_of_AFL2G_06751	787739	788789	2
218	around_ts_of_AFL2G_06752	794746	795796	0
219	around_ts_of_AFL2G_06753	801171	802221	0
220	around_ts_of_AFL2G_06754_and_AFL2G_06755	806708	808386	2
221	around_ts_of_AFL2G_06756	811252	811840	0
222	around_ts_of_AFL2G_06757_and_AFL2G_06758	813051	813570	0
223	around_ts_of_AFL2G_06759	815896	816946	0
224	around_ts_of_AFL2G_06760	818051	818821	1
225	around_ts_of_AFL2G_06761	829621	830671	3
226	around_ts_of_AFL2G_06762_and_AFL2G_06763	836425	837444	1
227	around_ts_of_AFL2G_06764	842964	843872	0
228	around_ts_of_AFL2G_06765_and_AFL2G_06766	845275	845957	0
229	around_ts_of_AFL2G_06767	846380	846858	0
230	around_ts_of_AFL2G_06768	847272	847596	0
231	around_ts_of_AFL2G_06769_and_AFL2G_06770	850487	851736	1
232	around_ts_of_AFL2G_06771	853845	854483	0
233	around_ts_of_AFL2G_06772	859877	860927	0
234	around_ts_of_AFL2G_06773	863904	864954	0
235	around_ts_of_AFL2G_06774	867156	867855	0
236	around_ts_of_AFL2G_06775	869642	869840	2
237	around_ts_of_AFL2G_06776_and_AFL2G_06777	873172	873548	0
238	around_ts_of_AFL2G_06778_and_AFL2G_06779	876362	876964	0
239	around_ts_of_AFL2G_06780	881374	882424	0
240	around_ts_of_AFL2G_06781	884299	884577	0
241	around_ts_of_AFL2G_06782	891374	891960	0
242	around_ts_of_AFL2G_06783_and_AFL2G_06784	893456	895003	0
243	around_ts_of_AFL2G_06785	896453	896801	0
244	around_ts_of_AFL2G_06786	901615	902665	0
245	around_ts_of_AFL2G_06787_and_AFL2G_06788	906733	907077	0
246	around_ts_of_AFL2G_06789_and_AFL2G_06790	909140	909981	0
247	around_ts_of_AFL2G_06791	911832	912882	0
248	around_ts_of_AFL2G_06792	914668	915517	0
249	around_ts_of_AFL2G_06793	917073	917583	0
250	around_ts_of_AFL2G_06794	918618	919078	0
251	around_ts_of_AFL2G_06795	920192	921242	0
252	around_ts_of_AFL2G_06796	928116	929166	0
253	around_ts_of_AFL2G_06797	931584	932634	0
254	around_ts_of_AFL2G_06798_and_AFL2G_06799	935930	936346	0
255	around_ts_of_AFL2G_06800_and_AFL2G_06801	941095	941581	0
256	around_ts_of_AFL2G_06802	943373	943616	0
257	around_ts_of_AFL2G_06803_and_AFL2G_06804	945257	945670	0
258	around_ts_of_AFL2G_06805	950400	951450	1
259	around_ts_of_AFL2G_06806_and_AFL2G_06807	958614	959143	0
260	around_ts_of_AFL2G_06808	961080	961643	0
261	around_ts_of_AFL2G_06809	966326	967376	0
262	around_ts_of_AFL2G_06810	972213	973263	0
263	around_ts_of_AFL2G_06811	976556	977606	1
264	around_ts_of_AFL2G_06812	979310	980360	0
265	around_ts_of_AFL2G_06813	982535	982582	0
266	around_ts_of_AFL2G_06814	984191	984410	0
267	around_ts_of_AFL2G_06815	990551	991601	0
268	around_ts_of_AFL2G_06816	998987	1000037	2
269	around_ts_of_AFL2G_06817	1003022	1003500	0
270	around_ts_of_AFL2G_06818	1005584	1006107	0
271	around_ts_of_AFL2G_06819	1010426	1011476	0
272	around_ts_of_AFL2G_06820	1013975	1015025	0
273	around_ts_of_AFL2G_06821	1018169	1019219	0
274	around_ts_of_AFL2G_06822	1021257	1022307	0
275	around_ts_of_AFL2G_06823_and_AFL2G_06824	1029352	1029828	0
276	around_ts_of_AFL2G_06825	1034408	1035269	0
277	around_ts_of_AFL2G_06826	1035830	1036769	1
278	around_ts_of_AFL2G_06827	1038983	1039261	0
279	around_ts_of_AFL2G_06828	1039965	1041015	0
280	around_ts_of_AFL2G_06829_and_AFL2G_06830	1043480	1044288	0
281	around_ts_of_AFL2G_06831	1045243	1045960	0
282	around_ts_of_AFL2G_06832	1046701	1047410	0
283	around_ts_of_AFL2G_06833	1050000	1051050	0
284	around_ts_of_AFL2G_06834	1053827	1054877	1
285	around_ts_of_AFL2G_06835	1055496	1056236	0
286	around_ts_of_AFL2G_06836	1060916	1061750	0
287	around_ts_of_AFL2G_06837	1062837	1063290	0
288	around_ts_of_AFL2G_06838	1064009	1064712	0
289	around_ts_of_AFL2G_06839_and_AFL2G_06840	1067608	1068008	0
290	around_ts_of_AFL2G_06841_and_AFL2G_06842	1084115	1085097	0
291	around_ts_of_AFL2G_06843_and_AFL2G_06844	1088265	1088905	0
292	around_ts_of_AFL2G_06845	1092101	1093151	0
293	around_ts_of_AFL2G_06846_and_AFL2G_06847	1100314	1100758	0
294	around_ts_of_AFL2G_06848	1105456	1106506	0
295	around_ts_of_AFL2G_06849	1108345	1109395	0
296	around_ts_of_AFL2G_06850	1110927	1111510	0
297	around_ts_of_AFL2G_06851	1112614	1113664	0
298	around_ts_of_AFL2G_06852	1119751	1120656	0
299	around_ts_of_AFL2G_06853	1121517	1122567	0
300	around_ts_of_AFL2G_06854	1127847	1128897	0
301	around_ts_of_AFL2G_06855_and_AFL2G_06856	1131397	1132330	1
302	around_ts_of_AFL2G_06857	1137569	1138619	0
303	around_ts_of_AFL2G_06858	1141479	1142529	0
304	around_ts_of_AFL2G_06859	1143382	1144432	0
305	around_ts_of_AFL2G_06860	1148002	1148527	0
306	around_ts_of_AFL2G_06861	1150456	1151506	0
307	around_ts_of_AFL2G_06862	1154922	1155972	0
308	around_ts_of_AFL2G_06863	1159269	1160319	0
309	around_ts_of_AFL2G_06864	1160746	1161796	0
310	around_ts_of_AFL2G_06865	1165260	1166310	0
311	around_ts_of_AFL2G_06866	1172392	1173378	1
312	around_ts_of_AFL2G_06867_and_AFL2G_06868	1174567	1175241	0
313	around_ts_of_AFL2G_06869_and_AFL2G_06870	1177353	1177790	0
314	around_ts_of_AFL2G_06871	1182107	1183157	0
315	around_ts_of_AFL2G_06872	1183337	1184387	0
316	around_ts_of_AFL2G_06873	1187506	1188556	0
317	around_ts_of_AFL2G_06874_and_AFL2G_06875	1193122	1194194	0
318	around_ts_of_AFL2G_06876	1197232	1198142	0
319	around_ts_of_AFL2G_06877_and_AFL2G_06878	1199947	1200652	0
320	around_ts_of_AFL2G_06879	1204347	1205325	0
321	around_ts_of_AFL2G_06880_and_AFL2G_06881	1206208	1207626	0
322	around_ts_of_AFL2G_06882	1208113	1209087	0
323	around_ts_of_AFL2G_06883	1212560	1213610	0
324	around_ts_of_AFL2G_06884_and_AFL2G_06885	1216900	1217700	0
325	around_ts_of_AFL2G_06886	1219743	1220793	0
326	around_ts_of_AFL2G_06887	1226635	1226928	0
327	around_ts_of_AFL2G_06888	1228076	1228939	0
328	around_ts_of_AFL2G_06889	1231513	1232191	0
329	around_ts_of_AFL2G_06890_and_AFL2G_06891	1233214	1235091	1
330	around_ts_of_AFL2G_06892	1238709	1239759	0
331	around_ts_of_AFL2G_06893	1244546	1245596	0
332	around_ts_of_AFL2G_06894	1247392	1248442	0
333	around_ts_of_AFL2G_06895_and_AFL2G_06896	1251291	1252661	0
334	around_ts_of_AFL2G_06897	1255801	1256851	2
335	around_ts_of_AFL2G_06898_and_AFL2G_06899	1261906	1262402	0
336	around_ts_of_AFL2G_06900_and_AFL2G_06901	1268928	1269370	0
337	around_ts_of_AFL2G_06902	1270844	1271894	0
338	around_ts_of_AFL2G_06903_and_AFL2G_06904	1274507	1274986	0
339	around_ts_of_AFL2G_06905_and_AFL2G_06906	1278161	1279934	1
340	around_ts_of_AFL2G_06907	1283522	1284109	0
341	around_ts_of_AFL2G_06908	1284569	1285619	0
342	around_ts_of_AFL2G_06909	1286782	1287783	0
343	around_ts_of_AFL2G_06910	1289662	1290103	0
344	around_ts_of_AFL2G_06911_and_AFL2G_06912	1290644	1291008	0
345	around_ts_of_AFL2G_06913_and_AFL2G_06914	1295101	1295598	0
346	around_ts_of_AFL2G_06915	1298469	1299173	1
347	around_ts_of_AFL2G_06916	1302191	1303241	0
348	around_ts_of_AFL2G_06917	1307412	1308462	0
349	around_ts_of_AFL2G_06918	1311429	1311919	0
350	around_ts_of_AFL2G_06919	1320365	1321415	0
351	around_ts_of_AFL2G_06920_and_AFL2G_06921	1323094	1324469	0
352	around_ts_of_AFL2G_06922_and_AFL2G_06923	1331164	1331753	0
353	around_ts_of_AFL2G_06924_and_AFL2G_06925	1332976	1333407	0
354	around_ts_of_AFL2G_06926	1335971	1337021	0
355	around_ts_of_AFL2G_06927	1338339	1339389	0
356	around_ts_of_AFL2G_06928	1340074	1341124	0
357	around_ts_of_AFL2G_06929	1343191	1344241	0
358	around_ts_of_AFL2G_06930	1347249	1348299	0
359	around_ts_of_AFL2G_06931	1354464	1355514	0
360	around_ts_of_AFL2G_06932	1358376	1359099	0
361	around_ts_of_AFL2G_06933_and_AFL2G_06934	1361530	1362164	1
362	around_ts_of_AFL2G_06935	1363210	1363526	0
363	around_ts_of_AFL2G_06936	1373825	1374875	1
364	around_ts_of_AFL2G_06937	1375807	1376857	0
365	around_ts_of_AFL2G_06938_and_AFL2G_06939	1385760	1386309	0
366	around_ts_of_AFL2G_06940	1389970	1390364	0
367	around_ts_of_AFL2G_06941	1393080	1393754	0
368	around_ts_of_AFL2G_06942	1394730	1395325	0
369	around_ts_of_AFL2G_06943_and_AFL2G_06944	1396979	1397737	0
370	around_ts_of_AFL2G_06945	1401926	1402976	1
371	around_ts_of_AFL2G_06946	1403919	1404969	0
372	around_ts_of_AFL2G_06947	1412702	1413052	0
373	around_ts_of_AFL2G_06948	1413806	1414856	0
374	around_ts_of_AFL2G_06949	1414980	1416030	0
375	around_ts_of_AFL2G_06950	1421698	1422748	0
376	around_ts_of_AFL2G_06951_and_AFL2G_06952	1427442	1428601	0
377	around_ts_of_AFL2G_06953	1430022	1430887	1
378	around_ts_of_AFL2G_06954	1433084	1434134	0
379	around_ts_of_AFL2G_06955	1435865	1436915	0
380	around_ts_of_AFL2G_06956	1439140	1440190	0
381	around_ts_of_AFL2G_06957	1441625	1442675	0
382	around_ts_of_AFL2G_06958	1444562	1445406	1
383	around_ts_of_AFL2G_06959_and_AFL2G_06960	1446764	1446967	0
384	around_ts_of_AFL2G_06961	1449287	1450337	0
385	around_ts_of_AFL2G_06962	1453661	1454327	0
386	around_ts_of_AFL2G_06963	1455575	1456540	0
387	around_ts_of_AFL2G_06964	1461596	1462646	0
388	around_ts_of_AFL2G_06965	1463088	1464138	0
389	around_ts_of_AFL2G_06966	1465242	1465810	0
390	around_ts_of_AFL2G_06967	1477435	1478485	0
391	around_ts_of_AFL2G_06968	1481872	1482922	0
392	around_ts_of_AFL2G_06969	1487773	1488487	0
393	around_ts_of_AFL2G_06970	1490624	1491674	0
394	around_ts_of_AFL2G_06971_and_AFL2G_06972	1493206	1493702	0
395	around_ts_of_AFL2G_06973	1494321	1494759	0
396	around_ts_of_AFL2G_06974	1498815	1499201	0
397	around_ts_of_AFL2G_06975_and_AFL2G_06976	1500239	1501110	0
398	around_ts_of_AFL2G_06977	1504545	1505455	0
399	around_ts_of_AFL2G_06978	1506582	1507632	0
400	around_ts_of_AFL2G_06979	1514541	1515591	0
401	around_ts_of_AFL2G_06980	1518430	1519263	0
402	around_ts_of_AFL2G_06981	1521696	1522746	0
403	around_ts_of_AFL2G_06982	1522867	1523917	0
404	around_ts_of_AFL2G_06983	1525350	1526400	0
405	around_ts_of_AFL2G_06984	1528644	1529063	0
406	around_ts_of_AFL2G_06985_and_AFL2G_06986	1532587	1533486	0
407	around_ts_of_AFL2G_06987_and_AFL2G_06988	1537333	1538432	0
408	around_ts_of_AFL2G_06989	1548642	1549692	0
409	around_ts_of_AFL2G_06990	1552518	1553297	0
410	around_ts_of_AFL2G_06991	1555743	1556115	0
411	around_ts_of_AFL2G_06992	1557642	1558262	0
412	around_ts_of_AFL2G_06993	1562212	1563195	0
413	around_ts_of_AFL2G_06994	1566879	1567929	0
414	around_ts_of_AFL2G_06995	1568103	1569153	0
415	around_ts_of_AFL2G_06996	1573612	1574312	0
416	around_ts_of_AFL2G_06997	1575121	1575641	0
417	around_ts_of_AFL2G_06998	1578763	1579186	0
418	around_ts_of_AFL2G_06999	1580590	1581270	0
419	around_ts_of_AFL2G_07000_and_AFL2G_07001	1587900	1588690	1
420	around_ts_of_AFL2G_07002_and_AFL2G_07003	1592399	1592993	0
421	around_ts_of_AFL2G_07004	1598281	1599107	0
422	around_ts_of_AFL2G_07005	1599815	1600865	0
423	around_ts_of_AFL2G_07006	1601815	1602865	0
424	around_ts_of_AFL2G_07007	1605237	1606287	0
425	around_ts_of_AFL2G_07008_and_AFL2G_07009	1611749	1612366	0
426	around_ts_of_AFL2G_07010	1614229	1615279	0
427	around_ts_of_AFL2G_07011	1619988	1621038	0
428	around_ts_of_AFL2G_07012_and_AFL2G_07013	1623380	1625101	0
429	around_ts_of_AFL2G_07014_and_AFL2G_07015	1627646	1628573	0
430	around_ts_of_AFL2G_07016	1629660	1630707	1
431	around_ts_of_AFL2G_07017	1635831	1636881	0
432	around_ts_of_AFL2G_07018_and_AFL2G_07019	1639064	1640965	0
433	around_ts_of_AFL2G_07020	1642287	1643337	0
434	around_ts_of_AFL2G_07021	1645069	1645770	0
435	around_ts_of_AFL2G_07022_and_AFL2G_07023	1649077	1649585	0
436	around_ts_of_AFL2G_07024_and_AFL2G_07025	1652538	1653006	0
437	around_ts_of_AFL2G_07026_and_AFL2G_07027	1658669	1659242	0
438	around_ts_of_AFL2G_07028_and_AFL2G_07029	1662824	1663418	0
439	around_ts_of_AFL2G_07030	1664915	1665965	1
440	around_ts_of_AFL2G_07031_and_AFL2G_07032	1668715	1669604	0
441	around_ts_of_AFL2G_07033_and_AFL2G_07034	1674112	1674634	0
442	around_ts_of_AFL2G_07035_and_AFL2G_07036	1677815	1679237	0
443	around_ts_of_AFL2G_07037_and_AFL2G_07038	1681319	1682843	0
444	around_ts_of_AFL2G_07039	1689788	1690307	0
445	around_ts_of_AFL2G_07040_and_AFL2G_07041	1692231	1693757	0
446	around_ts_of_AFL2G_07042	1695490	1696540	0
447	around_ts_of_AFL2G_07043_and_AFL2G_07044	1703545	1704889	0
448	around_ts_of_AFL2G_07045	1708586	1709020	1
449	around_ts_of_AFL2G_07046	1722535	1723585	0
450	around_ts_of_AFL2G_07047_and_AFL2G_07048	1728789	1729584	1
451	around_ts_of_AFL2G_07049_and_AFL2G_07050	1732149	1732808	1
452	around_ts_of_AFL2G_07051	1734490	1735540	0
453	around_ts_of_AFL2G_07052	1737599	1738281	0
454	around_ts_of_AFL2G_07053	1739890	1740940	0
455	around_ts_of_AFL2G_07054	1741287	1742337	0
456	around_ts_of_AFL2G_07055	1745296	1746346	0
457	around_ts_of_AFL2G_07056	1753206	1753640	0
458	around_ts_of_AFL2G_07057	1754544	1755594	0
459	around_ts_of_AFL2G_07058	1758096	1759146	0
460	around_ts_of_AFL2G_07059_and_AFL2G_07060	1766570	1767015	0
461	around_ts_of_AFL2G_07061	1770105	1771155	0
462	around_ts_of_AFL2G_07062	1774109	1774625	0
463	around_ts_of_AFL2G_07063	1776492	1777542	0
464	around_ts_of_AFL2G_07064	1778053	1778703	0
465	around_ts_of_AFL2G_07065_and_AFL2G_07066	1780571	1782038	0
466	around_ts_of_AFL2G_07067_and_AFL2G_07068	1787986	1789206	0
467	around_ts_of_AFL2G_07069	1791948	1792998	0
468	around_ts_of_AFL2G_07070	1793863	1794913	0
469	around_ts_of_AFL2G_07071_and_AFL2G_07072	1801967	1803190	0
470	around_ts_of_AFL2G_07073	1807342	1808392	0
471	around_ts_of_AFL2G_07074	1810408	1811458	0
472	around_ts_of_AFL2G_07075	1814219	1815269	0
473	around_ts_of_AFL2G_07076_and_AFL2G_07077	1822930	1823899	0
474	around_ts_of_AFL2G_07078	1829161	1830097	0
475	around_ts_of_AFL2G_07079_and_AFL2G_07080	1831581	1833156	0
476	around_ts_of_AFL2G_07081	1836441	1837491	2
477	around_ts_of_AFL2G_07082	1839722	1840772	0
478	around_ts_of_AFL2G_07083_and_AFL2G_07084	1845812	1846357	0
479	around_ts_of_AFL2G_07085	1849177	1850227	0
480	around_ts_of_AFL2G_07086	1852555	1853090	0
481	around_ts_of_AFL2G_07087	1853611	1854416	0
482	around_ts_of_AFL2G_07088_and_AFL2G_07089	1857220	1857873	0
483	around_ts_of_AFL2G_07090	1862368	1863418	0
484	around_ts_of_AFL2G_07091_and_AFL2G_07092	1864553	1865901	0
485	around_ts_of_AFL2G_07093_and_AFL2G_07094	1867604	1868172	0
486	around_ts_of_AFL2G_07095	1875639	1876689	0
487	around_ts_of_AFL2G_07096	1878744	1879794	0
488	around_ts_of_AFL2G_07097	1880887	1881937	0
489	around_ts_of_AFL2G_07098	1883679	1884729	1
490	around_ts_of_AFL2G_07099_and_AFL2G_07100	1887874	1889903	1
491	around_ts_of_AFL2G_07101	1893529	1894579	0
492	around_ts_of_AFL2G_07102	1896287	1896693	0
493	around_ts_of_AFL2G_07103_and_AFL2G_07104	1898891	1899504	0
494	around_ts_of_AFL2G_07105_and_AFL2G_07106	1902023	1902896	0
495	around_ts_of_AFL2G_07107_and_AFL2G_07108	1908279	1908751	0
496	around_ts_of_AFL2G_07109_and_AFL2G_07110	1912565	1914020	0
497	around_ts_of_AFL2G_07111_and_AFL2G_07112	1921825	1922972	1
498	around_ts_of_AFL2G_07113_and_AFL2G_07114	1926705	1927717	0
499	around_ts_of_AFL2G_07115	1931111	1931542	1
500	around_ts_of_AFL2G_07116	1932800	1933824	0
501	around_ts_of_AFL2G_07117	1934186	1935236	0
502	around_ts_of_AFL2G_07118	1935645	1936695	0
503	around_ts_of_AFL2G_07119	1936909	1937718	0
504	around_ts_of_AFL2G_07120	1940865	1941915	0
505	around_ts_of_AFL2G_07121	1943970	1945020	0
506	around_ts_of_AFL2G_07122	1947401	1948451	0
507	around_ts_of_AFL2G_07123_and_AFL2G_07124	1950456	1952336	0
508	around_ts_of_AFL2G_07125_and_AFL2G_07126	1955060	1956087	0
509	around_ts_of_AFL2G_07127	1957494	1958544	0
510	around_ts_of_AFL2G_07128_and_AFL2G_07129	1963772	1965288	1
511	around_ts_of_AFL2G_07130	1969757	1970807	0
512	around_ts_of_AFL2G_07131	1972248	1973298	0
513	around_ts_of_AFL2G_07132	1978694	1979605	0
514	around_ts_of_AFL2G_07133	1980158	1980867	0
515	around_ts_of_AFL2G_07134_and_AFL2G_07135	1981649	1982908	0
516	around_ts_of_AFL2G_07136	1985586	1986636	0
517	around_ts_of_AFL2G_07137	1989694	1990744	0
518	around_ts_of_AFL2G_07138	1992085	1993135	0
519	around_ts_of_AFL2G_07139	1997068	1998118	0
520	around_ts_of_AFL2G_07140	2000267	2001317	0
521	around_ts_of_AFL2G_07141	2002146	2002815	0
522	around_ts_of_AFL2G_07142	2006551	2007601	0
523	around_ts_of_AFL2G_07143_and_AFL2G_07144	2010894	2011784	0
524	around_ts_of_AFL2G_07145	2015121	2016010	0
525	around_ts_of_AFL2G_07146	2018019	2019069	0
526	around_ts_of_AFL2G_07147_and_AFL2G_07148	2027819	2029052	1
527	around_ts_of_AFL2G_07149	2035098	2036148	0
528	around_ts_of_AFL2G_07150	2037174	2038224	0
529	around_ts_of_AFL2G_07151	2039154	2039739	0
530	around_ts_of_AFL2G_07152	2040730	2041301	0
531	around_ts_of_AFL2G_07153	2042193	2043243	0
532	around_ts_of_AFL2G_07154	2047371	2048421	0
533	around_ts_of_AFL2G_07155	2049691	2050208	0
534	around_ts_of_AFL2G_07156	2050968	2051354	0
535	around_ts_of_AFL2G_07157	2055712	2056762	0
536	around_ts_of_AFL2G_07158	2058233	2059283	1
537	around_ts_of_AFL2G_07159_and_AFL2G_07160	2062961	2063895	0
538	around_ts_of_AFL2G_07161	2066203	2067253	0
539	around_ts_of_AFL2G_07162	2073111	2074161	1
540	around_ts_of_AFL2G_07163	2074585	2075635	0
541	around_ts_of_AFL2G_07164	2077857	2078907	0
542	around_ts_of_AFL2G_07165	2081145	2082195	3
543	around_ts_of_AFL2G_07166_and_AFL2G_07167	2085745	2086737	0
544	around_ts_of_AFL2G_07168	2090969	2092019	0
545	around_ts_of_AFL2G_07169	2093170	2093724	0
546	around_ts_of_AFL2G_07170	2095686	2096533	0
547	around_ts_of_AFL2G_07171	2099605	2099998	0
548	around_ts_of_AFL2G_07172	2100593	2100999	0
549	around_ts_of_AFL2G_07173	2102820	2103393	0
550	around_ts_of_AFL2G_07174_and_AFL2G_07175	2105086	2106175	1
551	around_ts_of_AFL2G_07176_and_AFL2G_07177	2109791	2110143	0
552	around_ts_of_AFL2G_07178	2110739	2110789	0
553	around_ts_of_AFL2G_07179	2113893	2114284	0
554	around_ts_of_AFL2G_07180	2115381	2116431	2
555	around_ts_of_AFL2G_07181	2117597	2118647	0
556	around_ts_of_AFL2G_07182	2121276	2122326	1
557	around_ts_of_AFL2G_07183	2124583	2125331	0
558	around_ts_of_AFL2G_07184	2126709	2127756	0
559	around_ts_of_AFL2G_07185_and_AFL2G_07186	2131381	2131899	0
560	around_ts_of_AFL2G_07187	2133109	2133372	0
561	around_ts_of_AFL2G_07188_and_AFL2G_07189	2137293	2137728	0
562	around_ts_of_AFL2G_07190	2139549	2139774	0
563	around_ts_of_AFL2G_07191	2142109	2142381	0
564	around_ts_of_AFL2G_07192	2143854	2144135	0
565	around_ts_of_AFL2G_07193_and_AFL2G_07194	2145456	2147144	0
566	around_ts_of_AFL2G_07195	2153283	2154333	0
567	around_ts_of_AFL2G_07196	2155068	2156118	1
568	around_ts_of_AFL2G_07197	2158485	2158990	0
569	around_ts_of_AFL2G_07198	2160847	2161450	2
570	around_ts_of_AFL2G_07199_and_AFL2G_07200	2161820	2162726	0
571	around_ts_of_AFL2G_07201	2167206	2167872	0
572	around_ts_of_AFL2G_07202_and_AFL2G_07203	2170249	2171048	1
573	around_ts_of_AFL2G_07204	2174461	2175511	0
574	around_ts_of_AFL2G_07205_and_AFL2G_07206	2177377	2178209	0
575	around_ts_of_AFL2G_07207_and_AFL2G_07208	2181745	2182481	0
576	around_ts_of_AFL2G_07209_and_AFL2G_07210	2185826	2186363	2
577	around_ts_of_AFL2G_07211_and_AFL2G_07212	2191124	2191771	3
578	around_ts_of_AFL2G_07213	2195884	2196235	2
579	around_ts_of_AFL2G_07214_and_AFL2G_07215	2198312	2198664	1
580	around_ts_of_AFL2G_07216	2201376	2202426	2
581	around_ts_of_AFL2G_07217	2203892	2204942	2
582	around_ts_of_AFL2G_07218	2209832	2210318	2
583	around_ts_of_AFL2G_07219	2211972	2212776	2
584	around_ts_of_AFL2G_07220	2213744	2214406	3
585	around_ts_of_AFL2G_07221	2215728	2215944	0
586	around_ts_of_AFL2G_07222	2218897	2219469	2
587	around_ts_of_AFL2G_07223_and_AFL2G_07224	2220897	2221489	1
588	around_ts_of_AFL2G_07225_and_AFL2G_07226	2230086	2230876	0
589	around_ts_of_AFL2G_07227_and_AFL2G_07228	2239158	2240010	2
590	around_ts_of_AFL2G_07229_and_AFL2G_07230	2251718	2252681	0
591	around_ts_of_AFL2G_07231	2253223	2254073	0
592	around_ts_of_AFL2G_07232	2254574	2255465	0
593	around_ts_of_AFL2G_07233	2258583	2259633	0
594	around_ts_of_AFL2G_07234	2260743	2261793	0
595	around_ts_of_AFL2G_07235_and_AFL2G_07236	2264799	2266007	1
596	around_ts_of_AFL2G_07237	2277761	2278481	0
597	around_ts_of_AFL2G_07238	2282066	2282634	0
598	around_ts_of_AFL2G_07239	2284250	2285300	1
599	around_ts_of_AFL2G_07240	2287970	2289020	0
600	around_ts_of_AFL2G_07241_and_AFL2G_07242	2291901	2292316	0
601	around_ts_of_AFL2G_07243	2295129	2296179	0
602	around_ts_of_AFL2G_07244	2297323	2297845	0
603	around_ts_of_AFL2G_07245_and_AFL2G_07246	2302324	2303246	0
604	around_ts_of_AFL2G_07247	2303634	2304608	0
605	around_ts_of_AFL2G_07248_and_AFL2G_07249	2307640	2309685	0
606	around_ts_of_AFL2G_07250_and_AFL2G_07251	2314824	2316453	0
607	around_ts_of_AFL2G_07252	2318936	2319986	0
608	around_ts_of_AFL2G_07253_and_AFL2G_07254	2326320	2328259	0
